{
  "project_info": {
    "project_number": "31392063823",
    "project_id": "instademo364",
    "storage_bucket": "instademo364.appspot.com"
  },
  "client": [
    {
      "client_info": {
        "mobilesdk_app_id": "1:31392063823:android:8b82963f4cefaed70da53a",
        "android_client_info": {
          "package_name": "com.reels.video.insta.saver.instadownloader"
        }
      },
      "oauth_client": [
        {
          "client_id": "31392063823-ugmu2hklrn4hmrdm6g0pdd61asdsf3s4.apps.googleusercontent.com",
          "client_type": 3
        }
      ],
      "api_key": [
        {
          "current_key": "AIzaSyB6Hk-s0rd02Amvk-l-rTKQct1TCFDZH7k"
        }
      ],
      "services": {
        "appinvite_service": {
          "other_platform_oauth_client": [
            {
              "client_id": "31392063823-ugmu2hklrn4hmrdm6g0pdd61asdsf3s4.apps.googleusercontent.com",
              "client_type": 3
            }
          ]
        }
      }
    }
  ],
  "configuration_version": "1"
}